1,Alice Johnson,alice@gmail.com,2023-01-15
2,Bob Smith,bob@yahoo.com,2023-01-16
3,Carol Chen,carol@hotmail.com,2023-02-01
4,David Lee,david@gmail.com,2023-02-15
5,Eva Brown,eva@company.com,2023-02-15
6,Frank Miller,frank@gmail.com,2023-03-01
7,Grace Kim,grace@yahoo.com,2023-03-05
8,Hank Wilson,hank@company.com,2023-03-07
9,Ivy Zhao,ivy@company.com,2023-03-09
10,Jack Black,jack@gmail.com,2023-03-15
11,Kate Liu,kate@hotmail.com,2023-04-01
12,Leo King,leo@yahoo.com,2023-04-10
13,Mona Singh,mona@company.com,2023-04-11
14,Nina Patel,nina@company.com,2023-04-12
15,Omar Davis,omar@hotmail.com,2023-04-15
16,Paul Walker,paul@gmail.com,2023-04-20
17,Quinn Harper,quinn@company.com,2023-04-25
18,Rachel Adams,rachel@yahoo.com,2023-05-01
19,Sam Reed,sam@gmail.com,2023-05-05
20,Tina Brooks,tina@hotmail.com,2023-05-07
21,Uma Nelson,uma@company.com,2023-05-10
22,Victor Stone,victor@gmail.com,2023-05-12
23,Wendy Hart,wendy@company.com,2023-05-15
24,Xander Cook,xander@hotmail.com,2023-05-18
25,Yara Khan,yara@yahoo.com,2023-05-20
26,Zane Bell,zane@gmail.com,2023-05-25
27,Anna Park,anna@gmail.com,2023-06-01
28,Brian Scott,brian@company.com,2023-06-03
29,Clara Young,clara@hotmail.com,2023-06-05
30,Derek Ford,derek@yahoo.com,2023-06-08
31,Elaine Nash,elaine@company.com,2023-06-10
32,Felix Wong,felix@gmail.com,2023-06-12
33,Gina Torres,gina@yahoo.com,2023-06-15
34,Harry Chen,harry@company.com,2023-06-17
35,Isla Ray,isla@hotmail.com,2023-06-20
36,Jason Moore,jason@gmail.com,2023-06-25
37,Karen Drew,karen@company.com,2023-06-27
38,Liam West,liam@gmail.com,2023-07-01
39,Mia Lin,mia@company.com,2023-07-03
40,Noah Gray,noah@hotmail.com,2023-07-05
41,Olivia Wu,olivia@yahoo.com,2023-07-07
42,Peter Snow,peter@gmail.com,2023-07-10
43,Queen Taylor,queen@company.com,2023-07-12
44,Ryan Nash,ryan@yahoo.com,2023-07-14
45,Sophia Zhang,sophia@gmail.com,2023-07-16
46,Tom Evans,tom@company.com,2023-07-18
47,Ursula Price,ursula@hotmail.com,2023-07-20
48,Vincent Hale,vincent@yahoo.com,2023-07-22
49,Will Brooks,will@gmail.com,2023-07-24
50,Zara Bloom,zara@company.com,2023-07-26
51,Yara Khan,yara@yahoo.com,2023-05-20
52,Brian Scott,brian@company.com,2023-06-03